TIER,Alimento,Categoria,Proteine (g),Proteine (%),Grassi (g),Grassi (%),Carboidrati (g),Carboidrati (%),Fibre (g),Fibre (%),Omega-3 (ALA) (g),Omega-3 (ALA) (%),Omega-6 (g),Omega-6 (%),Calcio (g),Calcio (%),Ferro (g),Ferro (%),Magnesio (g),Magnesio (%),Potassio (g),Potassio (%),Zinco (g),Zinco (%),Vitamina A (g),Vitamina A (%),Vitamina C (g),Vitamina C (%),Vitamina D (g),Vitamina D (%),Vitamina E (g),Vitamina E (%),Vitamina K (g),Vitamina K (%),Vitamina B6 (g),Vitamina B6 (%),Folati (B9) (g),Folati (B9) (%),Vitamina B12 (g),Vitamina B12 (%)
,Aglio,Verdura,6.4,0.128,0.5,0.0071428571428571,33.1,0.127307692307692,2.1,0.07,0.0,0.0,0.000229,2.29e-05,0.181,0.181,0.0017,0.121428571428571,2.5e-05,6.66666666666667e-05,0.401,0.114571428571429,0.000116,0.0116,0.0,0.0,0.031,0.413333333333333,0.0,0.0,8e-05,0.0066666666666666,1.7e-06,0.0226666666666667,0.001235,0.882142857142857,3e-06,0.015,0.0,0.0
,Piselli,Verdura,5.4,0.108,0.4,0.0057142857142857,14.5,0.0557692307692308,5.1,0.17,5e-06,3.125e-06,0.000187,1.87e-05,0.025,0.025,0.0015,0.107142857142857,3.3e-05,8.8e-05,0.244,0.0697142857142857,0.00012,0.012,3.8e-05,0.0475,0.04,0.533333333333333,0.0,0.0,0.00013,0.0108333333333333,2.48e-05,0.330666666666667,0.000169,0.120714285714286,6.5e-05,0.325,0.0,0.0
,Cavoletti di Bruxelles,Verdura,3.4,0.068,0.3,0.0042857142857142,9.0,0.0346153846153846,3.8,0.126666666666667,9.8e-05,6.125e-05,4.5e-05,4.5e-06,0.042,0.042,0.0014,0.1,2.3e-05,6.13333333333333e-05,0.389,0.111142857142857,4.2e-05,0.0042,3.8e-05,0.0475,0.085,1.13333333333333,0.0,0.0,0.00088,0.0733333333333333,0.000177,2.36,0.000219,0.156428571428571,6.1e-05,0.305,0.0,0.0
,Carciofi,Verdura,3.3,0.066,0.2,0.0028571428571428,11.0,0.0423076923076923,5.4,0.18,0.0,0.0,6.4e-05,6.4e-06,0.044,0.044,0.0012,0.0857142857142857,6e-05,0.00016,0.37,0.105714285714286,4.9e-05,0.0049,0.0,0.0,0.012,0.16,0.0,0.0,0.00019,0.0158333333333333,1.47e-05,0.196,0.000116,0.0828571428571429,6.8e-05,0.34,0.0,0.0
,Mais,Verdura,3.3,0.066,1.4,0.02,19.0,0.0730769230769231,2.7,0.09,1.9e-05,1.1875e-05,0.000586,5.86e-05,0.002,0.002,0.00052,0.0371428571428571,3.7e-05,9.86666666666667e-05,0.27,0.0771428571428572,4.6e-05,0.0046,9e-06,0.01125,0.0068,0.0906666666666667,0.0,0.0,7e-05,0.0058333333333333,3e-07,0.004,5.5e-05,0.0392857142857143,4.6e-05,0.23,0.0,0.0
,Cavolo collard,Verdura,3.0,0.06,0.6,0.0085714285714285,5.4,0.0207692307692308,4.0,0.133333333333333,0.000181,0.000113125,0.000135,1.35e-05,0.232,0.232,0.00047,0.0335714285714286,2.7e-05,7.2e-05,0.213,0.0608571428571429,2.1e-05,0.0021,0.000251,0.31375,0.035,0.466666666666667,0.0,0.0,0.0009,0.075,0.000437,5.82666666666667,0.000165,0.117857142857143,0.000129,0.645,0.0,0.0
,Spinaci,Verdura,2.9,0.058,0.4,0.0057142857142857,3.6,0.0138461538461538,2.2,0.0733333333333333,0.000138,8.625e-05,2.6e-05,2.6e-06,0.099,0.099,0.0027,0.192857142857143,7.9e-05,0.0002106666666666,0.558,0.159428571428571,5.3e-05,0.0053,0.000469,0.58625,0.028,0.373333333333333,0.0,0.0,0.002,0.166666666666667,0.000483,6.44,0.000195,0.139285714285714,0.000194,0.97,0.0,0.0
,Cavolo riccio (Kale),Verdura,2.9,0.058,0.9,0.0128571428571429,4.4,0.0169230769230769,4.1,0.136666666666667,0.00018,0.0001125,0.000138,1.38e-05,0.254,0.254,0.0016,0.114285714285714,3.3e-05,8.8e-05,0.348,0.0994285714285714,4.4e-05,0.0044,0.000241,0.30125,0.093,1.24,0.0,0.0,0.00067,0.0558333333333333,0.00039,5.2,0.000147,0.105,6.2e-05,0.31,0.0,0.0
,Broccoli,Verdura,2.8,0.056,0.4,0.0057142857142857,6.6,0.0253846153846154,2.6,0.0866666666666667,2.1e-05,1.3125e-05,1.7e-05,1.7e-06,0.047,0.047,0.00073,0.0521428571428571,2.1e-05,5.6e-05,0.316,0.0902857142857143,4.1e-05,0.0041,3.1e-05,0.03875,0.089,1.18666666666667,0.0,0.0,0.00078,0.065,0.000102,1.36,0.000175,0.125,6.3e-05,0.315,0.0,0.0
,Senape verde,Verdura,2.7,0.054,0.4,0.0057142857142857,4.7,0.0180769230769231,3.2,0.106666666666667,1.8e-05,1.125e-05,1e-05,1e-06,0.115,0.115,0.0016,0.114285714285714,3.2e-05,8.53333333333333e-05,0.384,0.109714285714286,2.5e-05,0.0025,0.000151,0.18875,0.07,0.933333333333334,0.0,0.0,0.0022,0.183333333333333,0.000258,3.44,0.00018,0.128571428571429,0.000187,0.935,0.0,0.0
,Rucola,Verdura,2.6,0.052,0.7,0.01,3.7,0.0142307692307692,1.6,0.0533333333333333,0.00017,0.00010625,0.00013,1.3e-05,0.16,0.16,0.00146,0.104285714285714,4.7e-05,0.0001253333333333,0.369,0.105428571428571,4.7e-05,0.0047,0.000119,0.14875,0.015,0.2,0.0,0.0,0.00043,0.0358333333333333,0.000109,1.45333333333333,7.3e-05,0.0521428571428571,9.7e-05,0.485,0.0,0.0
,Crescione,Verdura,2.3,0.046,0.1,0.0014285714285714,1.29,0.0049615384615384,0.5,0.0166666666666667,0.00019,0.00011875,3.5e-05,3.5e-06,0.12,0.12,0.00022,0.0157142857142857,2.1e-05,5.6e-05,0.33,0.0942857142857143,1.1e-05,0.0011,0.00016,0.2,0.043,0.573333333333333,0.0,0.0,0.001,0.0833333333333333,0.00025,3.33333333333333,0.000129,0.0921428571428571,9.5e-06,0.0475,0.0,0.0
,Asparagi,Verdura,2.2,0.044,0.1,0.0014285714285714,3.9,0.015,2.1,0.07,1.4e-05,8.75e-06,1.3e-05,1.3e-06,0.024,0.024,0.0021,0.15,1.4e-05,3.73333333333333e-05,0.202,0.0577142857142857,5.4e-05,0.0054,3.8e-05,0.0475,0.0056,0.0746666666666667,0.0,0.0,0.0011,0.0916666666666667,4.16e-05,0.554666666666667,9.1e-05,0.065,5.2e-05,0.26,0.0,0.0
,Okra,Verdura,2.0,0.04,0.1,0.0014285714285714,7.5,0.0288461538461538,3.2,0.106666666666667,2.6e-05,1.625e-05,2.6e-05,2.6e-06,0.082,0.082,0.00062,0.0442857142857143,5.7e-05,0.000152,0.299,0.0854285714285714,6e-05,0.006,3.6e-05,0.045,0.023,0.306666666666667,0.0,0.0,0.00027,0.0225,3.1e-05,0.413333333333333,0.000215,0.153571428571429,6e-05,0.3,0.0,0.0
,Patate,Verdura,2.0,0.04,0.1,0.0014285714285714,17.5,0.0673076923076923,2.2,0.0733333333333333,1e-05,6.25e-06,3.2e-05,3.2e-06,0.012,0.012,0.00078,0.0557142857142857,2.3e-05,6.13333333333333e-05,0.421,0.120285714285714,3e-05,0.003,0.0,0.0,0.02,0.266666666666667,0.0,0.0,1e-05,0.0008333333333333,1.9e-06,0.0253333333333333,0.000298,0.212857142857143,1.6e-05,0.08,0.0,0.0
,Cavolfiore,Verdura,1.9,0.038,0.3,0.0042857142857142,5.0,0.0192307692307692,2.0,0.0666666666666667,3.7e-05,2.3125e-05,1.2e-05,1.2e-06,0.022,0.022,0.00042,0.03,1.5e-05,4e-05,0.299,0.0854285714285714,2.7e-05,0.0027,0.0,0.0,0.048,0.64,0.0,0.0,8e-05,0.0066666666666666,1.57e-05,0.209333333333333,0.000184,0.131428571428571,5.7e-05,0.285,0.0,0.0
,Peperoncino,Verdura,1.9,0.038,0.4,0.0057142857142857,8.8,0.0338461538461539,1.5,0.05,0.0,0.0,9.7e-05,9.7e-06,0.014,0.014,0.001,0.0714285714285714,2.3e-05,6.13333333333333e-05,0.322,0.092,2.6e-05,0.0026,0.00048,0.6,0.144,1.92,0.0,0.0,0.00069,0.0575,1.4e-05,0.186666666666667,0.000506,0.361428571428572,2.3e-05,0.115,0.0,0.0
,Fagiolini,Verdura,1.8,0.036,0.1,0.0014285714285714,7.0,0.0269230769230769,3.4,0.113333333333333,2e-05,1.25e-05,4.4e-05,4.4e-06,0.037,0.037,0.001,0.0714285714285714,2.5e-05,6.66666666666667e-05,0.209,0.0597142857142857,2.4e-05,0.0024,3.5e-05,0.04375,0.012,0.16,0.0,0.0,0.00041,0.0341666666666667,1.43e-05,0.190666666666667,0.000141,0.100714285714286,3.3e-05,0.165,0.0,0.0
,Barbabietola,Verdura,1.6,0.032,0.2,0.0028571428571428,9.6,0.0369230769230769,2.8,0.0933333333333333,0.0,0.0,5.8e-05,5.8e-06,0.016,0.016,0.0008,0.0571428571428571,2.3e-05,6.13333333333333e-05,0.325,0.0928571428571429,3.5e-05,0.0035,2e-06,0.0025,0.0049,0.0653333333333333,0.0,0.0,4e-05,0.0033333333333333,2e-07,0.0026666666666666,6.7e-05,0.0478571428571429,0.000109,0.545,0.0,0.0
,Patate dolci,Verdura,1.6,0.032,0.1,0.0014285714285714,20.1,0.0773076923076923,3.0,0.1,0.0,0.0,1.4e-05,1.4e-06,0.03,0.03,0.00061,0.0435714285714286,2.5e-05,6.66666666666667e-05,0.337,0.0962857142857143,3e-05,0.003,0.000709,0.88625,0.0024,0.032,0.0,0.0,0.00026,0.0216666666666667,1.8e-06,0.024,0.000209,0.149285714285714,1.1e-05,0.055,0.0,0.0
,Bok choy,Verdura,1.5,0.03,0.2,0.0028571428571428,2.2,0.0084615384615384,1.0,0.0333333333333333,5.5e-05,3.4375e-05,4.2e-05,4.2e-06,0.105,0.105,0.0008,0.0571428571428571,1.9e-05,5.06666666666667e-05,0.252,0.072,1.9e-05,0.0019,0.000223,0.27875,0.045,0.6,0.0,0.0,9e-05,0.0075,4.56e-05,0.608,0.000194,0.138571428571429,6.6e-05,0.33,0.0,0.0
,Porri,Verdura,1.5,0.03,0.3,0.0042857142857142,14.2,0.0546153846153846,1.8,0.06,0.0,0.0,8.4e-05,8.4e-06,0.059,0.059,0.0021,0.15,2.8e-05,7.46666666666667e-05,0.18,0.0514285714285714,1.2e-05,0.0012,8.3e-05,0.10375,0.012,0.16,0.0,0.0,0.00092,0.0766666666666667,4.7e-05,0.626666666666667,0.000233,0.166428571428571,6.4e-05,0.32,0.0,0.0
,Castagna dâ€™acqua,Frutta,1.4,0.028,0.1,0.0014285714285714,23.9,0.0919230769230769,3.0,0.1,0.0,0.0,0.0,0.0,0.011,0.011,6e-05,0.0042857142857142,2.2e-05,5.86666666666667e-05,0.584,0.166857142857143,0.0005,0.05,0.0,0.0,0.004,0.0533333333333333,0.0,0.0,0.0012,0.1,3e-07,0.004,0.000328,0.234285714285714,1.6e-05,0.08,0.0,0.0
,Indivia,Verdura,1.3,0.026,0.2,0.0028571428571428,3.4,0.0130769230769231,3.1,0.103333333333333,0.0,0.0,0.0001,1e-05,0.052,0.052,0.00083,0.0592857142857143,1.5e-05,4e-05,0.314,0.0897142857142857,7.9e-05,0.0079,0.000108,0.135,0.0065,0.0866666666666667,0.0,0.0,0.00044,0.0366666666666667,0.000231,3.08,2e-05,0.0142857142857143,0.000142,0.71,0.0,0.0
,Cavolo,Verdura,1.3,0.026,0.1,0.0014285714285714,5.8,0.0223076923076923,2.5,0.0833333333333333,0.000109,6.8125e-05,3.4e-05,3.4e-06,0.04,0.04,0.00047,0.0335714285714286,1.2e-05,3.2e-05,0.17,0.0485714285714286,1.8e-05,0.0018,5e-06,0.00625,0.037,0.493333333333333,0.0,0.0,0.00015,0.0125,7.6e-05,1.01333333333333,0.000124,0.0885714285714286,4.3e-05,0.215,0.0,0.0
,Lattuga romana,Verdura,1.2,0.024,0.3,0.0042857142857142,3.3,0.0126923076923077,2.1,0.07,0.000113,7.0625e-05,4.7e-05,4.7e-06,0.033,0.033,0.00097,0.0692857142857143,1.4e-05,3.73333333333333e-05,0.247,0.0705714285714286,2.3e-05,0.0023,0.000436,0.545,0.024,0.32,0.0,0.0,0.00013,0.0108333333333333,0.000103,1.37333333333333,7.4e-05,0.0528571428571429,0.000136,0.68,0.0,0.0
,Pastinaca,Verdura,1.2,0.024,0.3,0.0042857142857142,18.0,0.0692307692307692,4.9,0.163333333333333,0.0,0.0,0.000164,1.64e-05,0.036,0.036,0.00059,0.0421428571428571,2.9e-05,7.73333333333333e-05,0.375,0.107142857142857,5.9e-05,0.0059,0.0,0.0,0.017,0.226666666666667,0.0,0.0,0.00098,0.0816666666666667,2.25e-05,0.3,9e-05,0.0642857142857143,6.7e-05,0.335,0.0,0.0
,Cipolle,Verdura,1.1,0.022,0.1,0.0014285714285714,9.3,0.0357692307692308,1.7,0.0566666666666667,4e-06,2.5e-06,6.5e-05,6.5e-06,0.023,0.023,0.00021,0.015,1e-05,2.66666666666667e-05,0.146,0.0417142857142857,1.7e-05,0.0017,0.0,0.0,0.0074,0.0986666666666667,0.0,0.0,2e-05,0.0016666666666666,4e-07,0.0053333333333333,0.00012,0.0857142857142857,1.9e-05,0.095,0.0,0.0
,Melanzane,Verdura,1.0,0.02,0.2,0.0028571428571428,5.9,0.0226923076923077,3.0,0.1,1e-05,6.25e-06,6.3e-05,6.3e-06,0.009,0.009,0.00023,0.0164285714285714,1.4e-05,3.73333333333333e-05,0.229,0.0654285714285714,1.6e-05,0.0016,1e-06,0.00125,0.0022,0.0293333333333333,0.0,0.0,3e-05,0.0025,3.5e-06,0.0466666666666667,8.4e-05,0.06,2.2e-05,0.11,0.0,0.0
,Peperoni,Verdura,0.9,0.018,0.3,0.0042857142857142,6.0,0.0230769230769231,2.1,0.07,1.5e-05,9.375e-06,5.4e-05,5.4e-06,0.007,0.007,0.00043,0.0307142857142857,1.2e-05,3.2e-05,0.211,0.0602857142857143,2.5e-05,0.0025,0.000157,0.19625,0.128,1.70666666666667,0.0,0.0,0.0016,0.133333333333333,4.9e-06,0.0653333333333333,0.000291,0.207857142857143,4.6e-05,0.23,0.0,0.0
,Carote,Verdura,0.9,0.018,0.2,0.0028571428571428,9.6,0.0369230769230769,2.8,0.0933333333333333,2e-06,1.25e-06,0.000115,1.15e-05,0.033,0.033,0.0003,0.0214285714285714,1.2e-05,3.2e-05,0.32,0.0914285714285714,2.4e-05,0.0024,0.000835,1.04375,0.0059,0.0786666666666667,0.0,0.0,0.00066,0.055,1.32e-05,0.176,0.000138,0.0985714285714286,1.9e-05,0.095,0.0,0.0
,Rape,Verdura,0.9,0.018,0.1,0.0014285714285714,6.4,0.0246153846153846,1.8,0.06,4e-05,2.5e-05,1.5e-05,1.5e-06,0.03,0.03,0.0003,0.0214285714285714,1.1e-05,2.93333333333333e-05,0.191,0.0545714285714286,2.7e-05,0.0027,0.0,0.0,0.021,0.28,0.0,0.0,3e-05,0.0025,1e-07,0.0013333333333333,9e-05,0.0642857142857143,1.5e-05,0.075,0.0,0.0
,Lattuga iceberg,Verdura,0.9,0.018,0.1,0.0014285714285714,3.0,0.0115384615384615,1.2,0.04,4.7e-05,2.9375e-05,1.7e-05,1.7e-06,0.018,0.018,0.00041,0.0292857142857143,7e-06,1.86666666666667e-05,0.141,0.0402857142857143,1.5e-05,0.0015,2.5e-05,0.03125,0.0028,0.0373333333333333,0.0,0.0,0.00018,0.015,2.42e-05,0.322666666666667,4.2e-05,0.03,2.9e-05,0.145,0.0,0.0
,Cetrioli,Verdura,0.7,0.014,0.1,0.0014285714285714,3.6,0.0138461538461538,0.5,0.0166666666666667,5e-06,3.125e-06,2.4e-05,2.4e-06,0.016,0.016,0.00028,0.02,1.3e-05,3.46666666666667e-05,0.147,0.042,2e-05,0.002,5e-06,0.00625,0.0028,0.0373333333333333,0.0,0.0,3e-05,0.0025,1.64e-05,0.218666666666667,4e-05,0.0285714285714286,7e-06,0.035,0.0,0.0
,Sedano,Verdura,0.7,0.014,0.2,0.0028571428571428,3.0,0.0115384615384615,1.6,0.0533333333333333,2e-05,1.25e-05,7.9e-05,7.9e-06,0.04,0.04,0.0002,0.0142857142857143,1.1e-05,2.93333333333333e-05,0.26,0.0742857142857143,1.3e-05,0.0013,2.2e-05,0.0275,0.0031,0.0413333333333333,0.0,0.0,0.00027,0.0225,2.93e-05,0.390666666666667,7.4e-05,0.0528571428571429,3.6e-05,0.18,0.0,0.0
,Ravanelli,Verdura,0.7,0.014,0.1,0.0014285714285714,3.4,0.0130769230769231,1.6,0.0533333333333333,3.2e-05,2e-05,1.8e-05,1.8e-06,0.025,0.025,0.00034,0.0242857142857143,1e-05,2.66666666666667e-05,0.233,0.0665714285714286,2.8e-05,0.0028,0.0,0.0,0.015,0.2,0.0,0.0,0.0,0.0,1.3e-06,0.0173333333333333,7.1e-05,0.0507142857142857,2.5e-05,0.125,0.0,0.0
,Cetrioli sottaceto,Verdura,0.3,0.006,0.2,0.0028571428571428,2.3,0.0088461538461538,1.2,0.04,8e-06,5e-06,3.3e-05,3.3e-06,0.001,0.001,0.0004,0.0285714285714286,7e-06,1.86666666666667e-05,0.116,0.0331428571428572,2e-05,0.002,1e-05,0.0125,0.001,0.0133333333333333,0.0,0.0,3e-05,0.0025,4.69e-05,0.625333333333333,8e-06,0.0057142857142857,1e-06,0.005,0.0,0.0
,,,,,,,,,,,,,,,,,,,,,,,,,,,,,,,,,,,,,,,,
,Pomodoro,Verdura,0.9,0.018,0.2,0.0028571428571428,3.9,0.015,1.2,0.04,3e-06,1.875e-06,8e-05,8e-06,0.01,0.01,0.00027,0.0192857142857143,1.1e-05,2.93333333333333e-05,0.237,0.0677142857142857,1.7e-05,0.0017,4.2e-05,0.0525,0.014,0.186666666666667,0.0,0.0,0.00054,0.045,7.9e-06,0.105333333333333,8e-05,0.0571428571428572,1.5e-05,0.075,0.0,0.0
,Pomodori ciliegini,Verdura,0.9,0.018,0.1,0.0014285714285714,3.8,0.0146153846153846,1.2,0.04,3e-06,1.875e-06,7.9e-05,7.9e-06,0.011,0.011,0.00025,0.0178571428571429,1.1e-05,2.93333333333333e-05,0.237,0.0677142857142857,1.7e-05,0.0017,4.2e-05,0.0525,0.021,0.28,0.0,0.0,0.00054,0.045,7.9e-06,0.105333333333333,8e-05,0.0571428571428572,1.5e-05,0.075,0.0,0.0
,Zucchine,Verdura,1.2,0.024,0.3,0.0042857142857142,3.1,0.0119230769230769,1.0,0.0333333333333333,3.2e-05,2e-05,4.2e-05,4.2e-06,0.016,0.016,0.00037,0.0264285714285714,1.8e-05,4.8e-05,0.261,0.0745714285714286,3.2e-05,0.0032,1e-05,0.0125,0.018,0.24,0.0,0.0,0.00012,0.01,4.3e-06,0.0573333333333333,0.000163,0.116428571428571,2.4e-05,0.12,0.0,0.0
,Zucca,Verdura,1.0,0.02,0.1,0.0014285714285714,6.5,0.025,0.5,0.0166666666666667,3e-06,1.875e-06,2e-06,2e-07,0.021,0.021,0.0008,0.0571428571428571,1.2e-05,3.2e-05,0.34,0.0971428571428572,3.2e-05,0.0032,0.000426,0.5325,0.009,0.12,0.0,0.0,0.0011,0.0916666666666667,1.1e-06,0.0146666666666667,6.1e-05,0.0435714285714286,1.6e-05,0.08,0.0,0.0
,Funghi champignon,Verdura,3.1,0.062,0.3,0.0042857142857142,3.3,0.0126923076923077,1.0,0.0333333333333333,0.0,0.0,0.000139,1.39e-05,0.003,0.003,0.0005,0.0357142857142857,9e-06,2.4e-05,0.318,0.0908571428571429,5.2e-05,0.0052,0.0,0.0,0.002,0.0266666666666667,2e-07,0.0133333333333333,1e-05,0.0008333333333333,0.0,0.0,0.000104,0.0742857142857143,1.7e-05,0.085,4e-06,1.6
,Funghi porcini,Verdura,3.7,0.074,0.5,0.0071428571428571,3.0,0.0115384615384615,2.1,0.07,0.0,0.0,0.0,0.0,0.01,0.01,0.0008,0.0571428571428571,1.5e-05,4e-05,0.37,0.105714285714286,8e-05,0.008,0.0,0.0,0.003,0.04,3e-07,0.02,1e-05,0.0008333333333333,0.0,0.0,5.6e-05,0.04,4.4e-05,0.22,3e-06,1.2
,Finocchio,Verdura,1.2,0.024,0.2,0.0028571428571428,7.3,0.0280769230769231,3.1,0.103333333333333,0.0,0.0,0.0,0.0,0.049,0.049,0.00073,0.0521428571428571,1.7e-05,4.53333333333333e-05,0.414,0.118285714285714,2e-05,0.002,7e-06,0.00875,0.012,0.16,0.0,0.0,0.00058,0.0483333333333333,6.27e-05,0.836,4.7e-05,0.0335714285714286,2.7e-05,0.135,0.0,0.0
,Bietola,Verdura,1.8,0.036,0.2,0.0028571428571428,3.7,0.0142307692307692,1.6,0.0533333333333333,0.0,0.0,3e-05,3e-06,0.051,0.051,0.0018,0.128571428571429,8.1e-05,0.000216,0.379,0.108285714285714,3.6e-05,0.0036,0.000306,0.3825,0.03,0.4,0.0,0.0,0.0015,0.125,0.00083,11.0666666666667,9.9e-05,0.0707142857142857,1.4e-05,0.07,0.0,0.0
,Cime di rapa,Verdura,3.2,0.064,0.5,0.0071428571428571,4.4,0.0169230769230769,3.2,0.106666666666667,0.0001,6.25e-05,5e-05,5e-06,0.108,0.108,0.0022,0.157142857142857,2.2e-05,5.86666666666667e-05,0.196,0.056,3.8e-05,0.0038,0.000197,0.24625,0.021,0.28,0.0,0.0,0.0024,0.2,0.000224,2.98666666666667,0.000165,0.117857142857143,8.3e-05,0.415,0.0,0.0
,Cicoria,Verdura,1.7,0.034,0.3,0.0042857142857142,4.7,0.0180769230769231,4.0,0.133333333333333,0.0,0.0,0.0001,1e-05,0.1,0.1,0.0009,0.0642857142857143,3e-05,8e-05,0.42,0.12,4.2e-05,0.0042,0.000286,0.3575,0.024,0.32,0.0,0.0,0.0022,0.183333333333333,0.000298,3.97333333333333,0.000105,0.075,0.00011,0.55,0.0,0.0
,Radicchio,Verdura,1.4,0.028,0.3,0.0042857142857142,4.5,0.0173076923076923,0.9,0.03,0.0,0.0,0.0001,1e-05,0.019,0.019,0.00057,0.0407142857142857,1.3e-05,3.46666666666667e-05,0.302,0.0862857142857143,6.2e-05,0.0062,1e-06,0.00125,0.008,0.106666666666667,0.0,0.0,0.00026,0.0216666666666667,0.000255,3.4,5.7e-05,0.0407142857142857,6e-05,0.3,0.0,0.0
,Verza,Verdura,1.4,0.028,0.1,0.0014285714285714,6.1,0.0234615384615385,2.3,0.0766666666666667,5e-05,3.125e-05,2e-05,2e-06,0.035,0.035,0.0004,0.0285714285714286,1.2e-05,3.2e-05,0.17,0.0485714285714286,1.8e-05,0.0018,5e-05,0.0625,0.031,0.413333333333333,0.0,0.0,7e-05,0.0058333333333333,3.8e-05,0.506666666666667,0.00014,0.1,8e-05,0.4,0.0,0.0
,Scarola,Verdura,1.3,0.026,0.2,0.0028571428571428,3.4,0.0130769230769231,3.1,0.103333333333333,0.0,0.0,0.0001,1e-05,0.052,0.052,0.00083,0.0592857142857143,1.5e-05,4e-05,0.314,0.0897142857142857,7.9e-05,0.0079,0.000108,0.135,0.007,0.0933333333333333,0.0,0.0,0.00044,0.0366666666666667,0.000231,3.08,2e-05,0.0142857142857143,0.000142,0.71,0.0,0.0
,Cipolla rossa,Verdura,1.1,0.022,0.1,0.0014285714285714,9.3,0.0357692307692308,1.7,0.0566666666666667,4e-06,2.5e-06,6.5e-05,6.5e-06,0.023,0.023,0.00021,0.015,1e-05,2.66666666666667e-05,0.146,0.0417142857142857,1.7e-05,0.0017,2e-06,0.0025,0.007,0.0933333333333333,0.0,0.0,2e-05,0.0016666666666666,5e-07,0.0066666666666666,0.00012,0.0857142857142857,1.9e-05,0.095,0.0,0.0
,Scalogno,Verdura,2.5,0.05,0.1,0.0014285714285714,16.8,0.0646153846153846,3.2,0.106666666666667,0.0,0.0,0.0,0.0,0.037,0.037,0.0012,0.0857142857142857,2.1e-05,5.6e-05,0.334,0.0954285714285714,4e-05,0.004,4e-06,0.005,0.008,0.106666666666667,0.0,0.0,4e-05,0.0033333333333333,8e-07,0.0106666666666667,0.000345,0.246428571428571,3.4e-05,0.17,0.0,0.0
,Porro,Verdura,1.5,0.03,0.3,0.0042857142857142,14.2,0.0546153846153846,1.8,0.06,0.0,0.0,8.4e-05,8.4e-06,0.059,0.059,0.0021,0.15,2.8e-05,7.46666666666667e-05,0.18,0.0514285714285714,1.2e-05,0.0012,8.3e-05,0.10375,0.012,0.16,0.0,0.0,0.00092,0.0766666666666667,4.7e-05,0.626666666666667,0.000233,0.166428571428571,6.4e-05,0.32,0.0,0.0
,Cavolo nero,Verdura,3.3,0.066,0.7,0.01,4.4,0.0169230769230769,2.0,0.0666666666666667,0.000121,7.5625e-05,9.2e-05,9.2e-06,0.15,0.15,0.0017,0.121428571428571,3.4e-05,9.06666666666667e-05,0.348,0.0994285714285714,2.8e-05,0.0028,0.0002,0.25,0.12,1.6,0.0,0.0,0.0015,0.125,0.000817,10.8933333333333,0.000271,0.193571428571429,0.00012,0.6,0.0,0.0
,Cavolo rosso,Verdura,1.4,0.028,0.2,0.0028571428571428,7.4,0.0284615384615385,2.1,0.07,4.7e-05,2.9375e-05,3e-05,3e-06,0.045,0.045,0.0008,0.0571428571428571,1.6e-05,4.26666666666667e-05,0.243,0.0694285714285714,2.2e-05,0.0022,5.6e-05,0.07,0.057,0.76,0.0,0.0,0.00011,0.0091666666666666,3.8e-05,0.506666666666667,0.000209,0.149285714285714,1.8e-05,0.09,0.0,0.0
,Peperone rosso,Verdura,1.0,0.02,0.3,0.0042857142857142,6.0,0.0230769230769231,2.1,0.07,1.5e-05,9.375e-06,5.4e-05,5.4e-06,0.007,0.007,0.00043,0.0307142857142857,1.2e-05,3.2e-05,0.211,0.0602857142857143,2.5e-05,0.0025,0.000157,0.19625,0.128,1.70666666666667,0.0,0.0,0.0016,0.133333333333333,4.9e-06,0.0653333333333333,0.000291,0.207857142857143,4.6e-05,0.23,0.0,0.0
,Peperone giallo,Verdura,1.0,0.02,0.2,0.0028571428571428,6.3,0.0242307692307692,0.9,0.03,1.5e-05,9.375e-06,5e-05,5e-06,0.011,0.011,0.00046,0.0328571428571429,1.2e-05,3.2e-05,0.212,0.0605714285714286,1.7e-05,0.0017,1e-05,0.0125,0.184,2.45333333333333,0.0,0.0,0.0016,0.133333333333333,0.0,0.0,0.000168,0.12,2.6e-05,0.13,0.0,0.0
,--- FRUTTA ---,,,,,,,,,,,,,,,,,,,,,,,,,,,,,,,,,,,,,,,
,Arancia,Frutta,0.9,0.018,0.1,0.0014285714285714,11.8,0.0146153846153846,2.4,0.04,7e-06,1.875e-06,2.3e-05,7.9e-06,0.04,0.011,0.0001,0.0178571428571429,1e-05,2.93333333333333e-05,0.181,0.0677142857142857,7e-06,0.0017,1.1e-05,0.0525,0.053,0.28,0.0,0.0,0.00018,0.045,0.0,0.105333333333333,6e-05,0.0571428571428572,3e-05,0.075,0.0,0.0
,Limone,Frutta,1.1,0.024,0.3,0.0042857142857142,9.3,0.0119230769230769,2.8,0.0333333333333333,2.6e-05,2e-05,6.3e-05,4.2e-06,0.026,0.016,0.0006,0.0264285714285714,8e-06,4.8e-05,0.138,0.0745714285714286,6e-06,0.0032,1e-06,0.0125,0.053,0.24,0.0,0.0,0.00015,0.01,0.0,0.0573333333333333,8e-05,0.116428571428571,1.1e-05,0.12,0.0,0.0
,Lime,Frutta,0.7,0.02,0.2,0.0014285714285714,10.5,0.025,2.8,0.0166666666666667,1.9e-05,1.875e-06,3.6e-05,2e-07,0.033,0.021,0.0006,0.0571428571428571,6e-06,3.2e-05,0.102,0.0971428571428572,1.1e-05,0.0032,2e-06,0.5325,0.029,0.12,0.0,0.0,0.00022,0.0916666666666667,6e-07,0.0146666666666667,4.3e-05,0.0435714285714286,8e-06,0.08,0.0,0.0
,Pompelmo,Frutta,0.8,0.062,0.1,0.0042857142857142,10.7,0.0126923076923077,1.6,0.0333333333333333,1e-05,0.0,1.7e-05,1.39e-05,0.022,0.003,8e-05,0.0357142857142857,9e-06,2.4e-05,0.135,0.0908571428571429,7e-06,0.0052,5.8e-05,0.0,0.031,0.0266666666666667,0.0,0.0133333333333333,0.00013,0.0008333333333333,0.0,0.0,5.3e-05,0.0742857142857143,1.3e-05,0.085,0.0,1.6
,Mandarino,Frutta,0.8,0.074,0.3,0.0071428571428571,13.3,0.0115384615384615,1.8,0.07,1.8e-05,0.0,4.8e-05,0.0,0.037,0.01,0.00015,0.0571428571428571,1.2e-05,4e-05,0.166,0.105714285714286,7e-06,0.008,3.4e-05,0.0,0.027,0.04,0.0,0.02,0.0002,0.0008333333333333,0.0,0.0,7.8e-05,0.04,1.6e-05,0.22,0.0,1.2
,Clementina,Frutta,0.9,0.024,0.2,0.0028571428571428,12.0,0.0280769230769231,1.7,0.103333333333333,2.2e-05,0.0,2.5e-05,0.0,0.03,0.049,0.00014,0.0521428571428571,1e-05,4.53333333333333e-05,0.177,0.118285714285714,6e-06,0.002,3.6e-05,0.00875,0.049,0.16,0.0,0.0,0.0002,0.0483333333333333,0.0,0.836,7.5e-05,0.0335714285714286,2.4e-05,0.135,0.0,0.0
,Fragole,Frutta,0.7,0.036,0.3,0.0028571428571428,7.7,0.0142307692307692,2.0,0.0533333333333333,6.5e-05,0.0,9e-05,3e-06,0.016,0.051,0.00041,0.128571428571429,1.3e-05,0.000216,0.153,0.108285714285714,1.4e-05,0.0036,1e-06,0.3825,0.059,0.4,0.0,0.0,0.00029,0.125,2.2e-06,11.0666666666667,4.7e-05,0.0707142857142857,2.4e-05,0.07,0.0,0.0
,Mirtilli,Frutta,0.7,0.064,0.3,0.0071428571428571,14.5,0.0169230769230769,2.4,0.106666666666667,5e-05,6.25e-05,8.8e-05,5e-06,0.006,0.108,0.00028,0.157142857142857,6e-06,5.86666666666667e-05,0.077,0.056,1.6e-05,0.0038,3e-06,0.24625,0.01,0.28,0.0,0.0,0.00057,0.2,1.93e-05,2.98666666666667,5.2e-05,0.117857142857143,6e-06,0.415,0.0,0.0
,Lamponi,Frutta,1.2,0.034,0.7,0.0042857142857142,11.9,0.0180769230769231,6.5,0.133333333333333,0.000126,0.0,0.000249,1e-05,0.025,0.1,0.00069,0.0642857142857143,2.2e-05,8e-05,0.151,0.12,4.2e-05,0.0042,2e-06,0.3575,0.026,0.32,0.0,0.0,0.00087,0.183333333333333,7.8e-06,3.97333333333333,5.5e-05,0.075,2.1e-05,0.55,0.0,0.0
,More,Frutta,1.4,0.028,0.5,0.0042857142857142,9.6,0.0173076923076923,5.3,0.03,9.4e-05,0.0,0.000186,1e-05,0.029,0.019,0.00062,0.0407142857142857,2e-05,3.46666666666667e-05,0.162,0.0862857142857143,5.3e-05,0.0062,1.1e-05,0.00125,0.021,0.106666666666667,0.0,0.0,0.00117,0.0216666666666667,1.98e-05,3.4,3e-05,0.0407142857142857,2.5e-05,0.3,0.0,0.0
,Ribes nero,Frutta,1.4,0.028,0.4,0.0014285714285714,15.4,0.0234615384615385,4.3,0.0766666666666667,0.0,3.125e-05,0.0,2e-06,0.055,0.035,0.00155,0.0285714285714286,2.4e-05,3.2e-05,0.322,0.0485714285714286,2.7e-05,0.0018,1.2e-05,0.0625,0.181,0.413333333333333,0.0,0.0,0.001,0.0058333333333333,0.0,0.506666666666667,6.6e-05,0.1,0.0,0.4,0.0,0.0
,Ribes rosso,Frutta,1.4,0.026,0.2,0.0028571428571428,13.8,0.0130769230769231,4.3,0.103333333333333,0.0,0.0,0.0,1e-05,0.033,0.052,0.001,0.0592857142857143,1.3e-05,4e-05,0.275,0.0897142857142857,2.3e-05,0.0079,2e-06,0.135,0.041,0.0933333333333333,0.0,0.0,0.0001,0.0366666666666667,1.1e-05,3.08,7e-05,0.0142857142857143,8e-06,0.71,0.0,0.0
,Uva spina,Frutta,0.9,0.022,0.6,0.0014285714285714,10.2,0.0357692307692308,4.3,0.0566666666666667,0.0,2.5e-06,0.0,6.5e-06,0.025,0.023,0.00031,0.015,1e-05,2.66666666666667e-05,0.198,0.0417142857142857,1.2e-05,0.0017,1.5e-05,0.0025,0.028,0.0933333333333333,0.0,0.0,0.00037,0.0016666666666666,0.0,0.0066666666666666,8e-05,0.0857142857142857,6e-06,0.095,0.0,0.0
,Mirtilli rossi (Cranberry),Frutta,0.5,0.05,0.1,0.0014285714285714,12.2,0.0646153846153846,4.6,0.106666666666667,2.2e-05,0.0,3e-05,0.0,0.008,0.037,0.00025,0.0857142857142857,6e-06,5.6e-05,0.085,0.0954285714285714,1e-05,0.004,3e-06,0.005,0.013,0.106666666666667,0.0,0.0,0.0012,0.0033333333333333,5.1e-06,0.0106666666666667,5.7e-05,0.246428571428571,1e-06,0.17,0.0,0.0
,Banana,Frutta,1.1,0.03,0.3,0.0042857142857142,22.8,0.0546153846153846,2.6,0.06,2.7e-05,0.0,4.6e-05,8.4e-06,0.005,0.059,0.00026,0.15,2.7e-05,7.46666666666667e-05,0.358,0.0514285714285714,1.5e-05,0.0012,3e-06,0.10375,0.009,0.16,0.0,0.0,0.0001,0.0766666666666667,5e-07,0.626666666666667,0.000367,0.166428571428571,2e-05,0.32,0.0,0.0
,Mango,Frutta,0.8,0.066,0.4,0.01,15.0,0.0169230769230769,1.6,0.0666666666666667,5.1e-05,7.5625e-05,1.9e-05,9.2e-06,0.011,0.15,0.00016,0.121428571428571,1e-05,9.06666666666667e-05,0.168,0.0994285714285714,9e-06,0.0028,5.4e-05,0.25,0.036,1.6,0.0,0.0,0.0009,0.125,4.2e-06,10.8933333333333,0.000119,0.193571428571429,4.3e-05,0.6,0.0,0.0
,Papaya,Frutta,0.5,0.028,0.3,0.0028571428571428,10.8,0.0284615384615385,1.7,0.07,2.5e-05,2.9375e-05,1.6e-05,3e-06,0.02,0.045,0.00025,0.0571428571428571,2.1e-05,4.26666666666667e-05,0.182,0.0694285714285714,8e-06,0.0022,4.7e-05,0.07,0.061,0.76,0.0,0.0,0.0003,0.0091666666666666,2.6e-06,0.506666666666667,3.8e-05,0.149285714285714,3.7e-05,0.09,0.0,0.0
,Ananas,Frutta,0.5,0.02,0.1,0.0042857142857142,13.1,0.0230769230769231,1.4,0.07,1.7e-05,9.375e-06,2.4e-05,5.4e-06,0.013,0.007,0.00029,0.0307142857142857,1.2e-05,3.2e-05,0.109,0.0602857142857143,1.2e-05,0.0025,3e-06,0.19625,0.048,1.70666666666667,0.0,0.0,2e-05,0.133333333333333,7e-07,0.0653333333333333,0.000112,0.207857142857143,1.8e-05,0.23,0.0,0.0
,Kiwi,Frutta,1.1,0.02,0.5,0.0028571428571428,14.7,0.0242307692307692,3.0,0.03,4.2e-05,9.375e-06,0.000115,5e-06,0.034,0.011,0.00031,0.0328571428571429,1.7e-05,3.2e-05,0.312,0.0605714285714286,1.4e-05,0.0017,4e-06,0.0125,0.093,2.45333333333333,0.0,0.0,0.0015,0.133333333333333,4.02e-05,0.0,6.3e-05,0.12,2.5e-05,0.13,0.0,0.0
,Avocado,Frutta,2.0,0.0,14.7,0.0,8.5,0.0,6.7,0.0,0.000111,0.0,0.001689,0.0,0.012,0.0,0.00055,0.0,2.9e-05,0.0,0.485,0.0,6.4e-05,0.0,7e-06,0.0,0.01,0.0,0.0,0.0,0.0021,0.0,2.1e-05,0.0,0.000257,0.0,8.1e-05,0.0,0.0,0.0
,Guava,Frutta,2.6,0.018,1.0,0.0014285714285714,14.3,0.0453846153846154,5.4,0.08,0.000112,4.375e-06,0.000328,2.3e-06,0.018,0.04,0.00026,0.0071428571428571,2.2e-05,2.66666666666667e-05,0.417,0.0517142857142857,2.3e-05,0.0007,3.1e-05,0.01375,0.228,0.706666666666667,0.0,0.0,0.00073,0.015,2.6e-06,0.0,0.00011,0.0428571428571429,4.9e-05,0.15,0.0,0.0
,Frutto della passione,Frutta,2.2,0.022,0.7,0.0042857142857142,23.4,0.0357692307692308,10.4,0.0933333333333333,0.0,1.625e-05,0.0,6.3e-06,0.012,0.026,0.0016,0.0428571428571429,2.9e-05,2.13333333333333e-05,0.348,0.0394285714285714,1e-05,0.0006,6.4e-05,0.00125,0.03,0.706666666666667,0.0,0.0,0.0002,0.0125,7e-07,0.0,0.0001,0.0571428571428572,1.4e-05,0.055,0.0,0.0
,Litchi,Frutta,0.8,0.014,0.4,0.0028571428571428,16.5,0.0403846153846154,1.3,0.0933333333333333,0.0,1.1875e-05,0.0,3.6e-06,0.005,0.033,0.00031,0.0428571428571429,1e-05,1.6e-05,0.171,0.0291428571428571,7e-06,0.0011,0.0,0.0025,0.072,0.386666666666667,0.0,0.0,7e-05,0.0183333333333333,4e-07,0.008,0.0001,0.0307142857142857,1.4e-05,0.04,0.0,0.0
,Cocco (polpa fresca),Frutta,3.3,0.016,33.5,0.0014285714285714,15.2,0.0411538461538462,9.0,0.0533333333333333,0.0,6.25e-06,0.000366,1.7e-06,0.014,0.022,0.00244,0.0057142857142857,3.2e-05,2.4e-05,0.356,0.0385714285714286,0.00011,0.0007,0.0,0.0725,0.003,0.413333333333333,0.0,0.0,0.00024,0.0108333333333333,2e-07,0.0,5.4e-05,0.0378571428571429,2.6e-05,0.065,0.0,0.0
,Dattero (fresco),Frutta,1.8,0.016,0.2,0.0042857142857142,75.0,0.0511538461538462,6.7,0.06,0.0,1.125e-05,0.0,4.8e-06,0.064,0.037,0.0009,0.0107142857142857,5.4e-05,3.2e-05,0.696,0.0474285714285714,4.4e-05,0.0007,7e-06,0.0425,0.0,0.36,0.0,0.0,5e-05,0.0166666666666667,2.7e-06,0.0,0.000249,0.0557142857142857,1.5e-05,0.08,0.0,0.0
,Fico (fresco),Frutta,0.8,0.018,0.3,0.0028571428571428,19.2,0.0461538461538462,2.9,0.0566666666666667,0.0,1.375e-05,0.000144,2.5e-06,0.035,0.03,0.00037,0.01,1.7e-05,2.66666666666667e-05,0.232,0.0505714285714286,1.5e-05,0.0006,7e-06,0.045,0.002,0.653333333333333,0.0,0.0,0.00011,0.0166666666666667,4.7e-06,0.0,0.000113,0.0535714285714286,6e-06,0.12,0.0,0.0
,Melograno,Frutta,1.7,0.014,1.2,0.0042857142857142,18.7,0.0296153846153846,4.0,0.0666666666666667,7.9e-05,4.0625e-05,5.5e-05,9e-06,0.01,0.016,0.0003,0.0292857142857143,1.2e-05,3.46666666666667e-05,0.236,0.0437142857142857,3.5e-05,0.0014,0.0,0.00125,0.01,0.786666666666667,0.0,0.0,0.0006,0.0241666666666667,1.64e-05,0.0293333333333333,7.5e-05,0.0335714285714286,3.8e-05,0.12,0.0,0.0
,Mela,Frutta,0.3,0.014,0.2,0.0042857142857142,13.8,0.0557692307692308,2.4,0.08,9e-06,3.125e-05,4.3e-05,8.8e-06,0.006,0.006,0.00012,0.02,5e-06,1.6e-05,0.107,0.022,4e-06,0.0016,3e-06,0.00375,0.005,0.133333333333333,0.0,0.0,0.00018,0.0475,2.2e-06,0.257333333333333,4.1e-05,0.0371428571428571,3e-06,0.03,0.0,0.0
,Pera,Frutta,0.4,0.024,0.1,0.01,15.2,0.0457692307692308,3.1,0.216666666666667,1e-06,7.875e-05,2.7e-05,2.49e-05,0.009,0.025,0.00018,0.0492857142857143,7e-06,5.86666666666667e-05,0.116,0.0431428571428571,1e-05,0.0042,1e-06,0.0025,0.004,0.346666666666667,0.0,0.0,0.00012,0.0725,4.5e-06,0.104,2.9e-05,0.0392857142857143,7e-06,0.105,0.0,0.0
,Mela cotogna,Frutta,0.4,0.028,0.1,0.0071428571428571,15.3,0.0369230769230769,1.9,0.176666666666667,0.0,5.875e-05,0.0,1.86e-05,0.011,0.029,0.0007,0.0442857142857143,8e-06,5.33333333333333e-05,0.197,0.0462857142857143,4e-06,0.0053,2e-06,0.01375,0.015,0.28,0.0,0.0,0.0,0.0975,0.0,0.264,4e-05,0.0214285714285714,3e-06,0.125,0.0,0.0
,Pesca,Frutta,0.9,0.028,0.3,0.0057142857142857,9.5,0.0592307692307692,1.5,0.143333333333333,2e-06,0.0,8.6e-05,0.0,0.006,0.055,0.00025,0.110714285714286,9e-06,6.4e-05,0.19,0.092,1.7e-05,0.0027,1.6e-05,0.015,0.007,2.41333333333333,0.0,0.0,0.00073,0.0833333333333333,2.6e-06,0.0,2.5e-05,0.0471428571428571,4e-06,0.0,0.0,0.0
,Nettarina,Frutta,1.1,0.028,0.3,0.0028571428571428,10.6,0.0530769230769231,1.7,0.143333333333333,2e-06,0.0,0.000111,0.0,0.006,0.033,0.00028,0.0714285714285714,9e-06,3.46666666666667e-05,0.201,0.0785714285714286,1.7e-05,0.0023,1.7e-05,0.0025,0.005,0.546666666666667,0.0,0.0,0.00077,0.0083333333333333,2.2e-06,0.146666666666667,2.5e-05,0.05,5e-06,0.04,0.0,0.0
,Albicocca,Frutta,1.4,0.018,0.4,0.0085714285714285,11.1,0.0392307692307692,2.0,0.143333333333333,4e-06,0.0,7.7e-05,0.0,0.013,0.025,0.00039,0.0221428571428571,1e-05,2.66666666666667e-05,0.259,0.0565714285714286,2e-05,0.0012,9.6e-05,0.01875,0.01,0.373333333333333,0.0,0.0,0.00089,0.0308333333333333,3.3e-06,0.0,5.4e-05,0.0571428571428572,9e-06,0.03,0.0,0.0
,Prugna,Frutta,0.7,0.01,0.3,0.0014285714285714,11.4,0.0469230769230769,1.4,0.153333333333333,2.4e-05,1.375e-05,4.4e-05,3e-06,0.006,0.008,0.00017,0.0178571428571429,7e-06,1.6e-05,0.157,0.0242857142857143,1e-05,0.001,1.7e-05,0.00375,0.01,0.173333333333333,0.0,0.0,0.00026,0.1,6.4e-06,0.068,2.9e-05,0.0407142857142857,5e-06,0.005,0.0,0.0
,Ciliegia,Frutta,1.1,0.022,0.2,0.0042857142857142,16.0,0.0876923076923077,2.1,0.0866666666666667,1.8e-05,1.6875e-05,2.7e-05,4.6e-06,0.013,0.005,0.00036,0.0185714285714286,1.1e-05,7.2e-05,0.222,0.102285714285714,7e-06,0.0015,3e-06,0.00375,0.007,0.12,0.0,0.0,7e-05,0.0083333333333333,2.1e-06,0.0066666666666666,4.9e-05,0.262142857142857,4e-06,0.1,0.0,0.0
,Amarena,Frutta,1.0,0.016,0.3,0.0057142857142857,12.2,0.0576923076923077,1.6,0.0533333333333333,2.4e-05,3.1875e-05,2.8e-05,1.9e-06,0.016,0.011,0.00032,0.0114285714285714,9e-06,2.66666666666667e-05,0.173,0.048,1e-05,0.0009,6.4e-05,0.0675,0.01,0.48,0.0,0.0,7e-05,0.075,1.9e-06,0.056,4.4e-05,0.085,8e-06,0.215,0.0,0.0
,Anguria,Frutta,0.6,0.01,0.2,0.0042857142857142,7.6,0.0415384615384615,0.4,0.0566666666666667,1.9e-05,1.5625e-05,2.5e-05,1.6e-06,0.007,0.02,0.00024,0.0178571428571429,1e-05,5.6e-05,0.112,0.052,1e-05,0.0008,2.8e-05,0.05875,0.008,0.813333333333333,0.0,0.0,5e-05,0.025,1e-07,0.0346666666666667,4.5e-05,0.0271428571428571,3e-06,0.185,0.0,0.0
,Melone cantalupo,Frutta,0.8,0.01,0.2,0.0014285714285714,8.2,0.0503846153846154,0.9,0.0466666666666667,2.7e-05,1.0625e-05,3.4e-05,2.4e-06,0.009,0.013,0.00021,0.0207142857142857,1.2e-05,3.2e-05,0.267,0.0311428571428571,1.8e-05,0.0012,0.000169,0.00375,0.037,0.64,0.0,0.0,5e-05,0.0016666666666666,2.5e-06,0.0093333333333333,7.2e-05,0.08,2.1e-05,0.09,0.0,0.0
,Melone bianco (Honeydew),Frutta,0.5,0.022,0.1,0.0071428571428571,9.1,0.0565384615384615,0.8,0.1,1.3e-05,2.625e-05,1.3e-05,1.15e-05,0.006,0.034,0.00017,0.0221428571428571,1e-05,4.53333333333333e-05,0.228,0.0891428571428572,9e-06,0.0014,3e-06,0.005,0.018,1.24,0.0,0.0,2e-05,0.125,2.8e-06,0.536,8.8e-05,0.045,1.9e-05,0.125,0.0,0.0
,Melone invernale,Frutta,0.6,0.04,0.1,0.21,7.3,0.0326923076923077,0.5,0.223333333333333,1e-05,6.9375e-05,1.5e-05,0.0001689,0.011,0.012,0.00028,0.0392857142857143,1.2e-05,7.73333333333333e-05,0.15,0.138571428571429,7e-06,0.0064,5e-06,0.00875,0.013,0.133333333333333,0.0,0.0,0.0001,0.175,2.5e-06,0.28,4.5e-05,0.183571428571429,4e-06,0.405,0.0,0.0
,Uva (bianca/verde),Frutta,0.7,0.052,0.2,0.0142857142857143,18.1,0.055,0.9,0.18,1.1e-05,7e-05,3.7e-05,3.28e-05,0.01,0.018,0.00036,0.0185714285714286,7e-06,5.86666666666667e-05,0.191,0.119142857142857,7e-06,0.0023,3e-06,0.03875,0.003,3.04,0.0,0.0,0.00019,0.0608333333333333,1.46e-05,0.0346666666666667,8.6e-05,0.0785714285714286,2e-06,0.245,0.0,0.0
,Uva (rossa/nera),Frutta,0.6,0.044,0.4,0.01,17.2,0.09,0.9,0.346666666666667,1.4e-05,0.0,6.7e-05,0.0,0.014,0.012,0.00029,0.114285714285714,5e-06,7.73333333333333e-05,0.176,0.0994285714285714,4e-06,0.001,5e-06,0.08,0.011,0.4,0.0,0.0,0.00019,0.0166666666666667,1.45e-05,0.0093333333333333,9e-05,0.0714285714285714,4e-06,0.07,0.0,0.0
,Uva sultanina (secca),Frutta,3.1,0.016,0.5,0.0057142857142857,79.2,0.0634615384615385,3.7,0.0433333333333333,0.0,0.0,0.0,0.0,0.05,0.005,0.00188,0.0221428571428571,3.2e-05,2.66666666666667e-05,0.749,0.0488571428571429,2.2e-05,0.0007,0.0,0.0,0.002,0.96,0.0,0.0,0.00012,0.0058333333333333,3.5e-06,0.0053333333333333,0.000174,0.0714285714285714,5e-06,0.07,0.0,0.0
,Cachi,Frutta,0.6,0.066,0.2,0.478571428571429,18.6,0.0584615384615385,3.6,0.3,0.0,0.0,0.0,3.66e-05,0.008,0.014,0.00015,0.174285714285714,9e-06,8.53333333333333e-05,0.161,0.101714285714286,1.1e-05,0.011,8.1e-05,0.0,0.007,0.04,0.0,0.0,0.00073,0.02,2.6e-06,0.0026666666666666,0.0001,0.0385714285714286,8e-06,0.13,0.0,0.0
,Carambola (Star fruit),Frutta,1.0,0.036,0.3,0.0028571428571428,6.7,0.288461538461538,2.8,0.223333333333333,2.6e-05,0.0,7.5e-05,0.0,0.003,0.064,8e-05,0.0642857142857143,1e-05,0.000144,0.133,0.198857142857143,1.2e-05,0.0044,1e-06,0.00875,0.034,0.0,0.0,0.0,0.00015,0.0041666666666666,0.0,0.036,1.7e-05,0.177857142857143,1.2e-05,0.075,0.0,0.0
,Pitaya (Frutto del drago),Frutta,1.2,0.016,0.4,0.0042857142857142,13.0,0.0738461538461538,1.8,0.0966666666666667,0.0,0.0,0.0,1.44e-05,0.008,0.035,0.00016,0.0264285714285714,4e-05,4.53333333333333e-05,0.22,0.0662857142857143,4e-05,0.0015,0.0,0.00875,0.021,0.0266666666666667,0.0,0.0,0.0004,0.0091666666666666,0.0,0.0626666666666667,4.3e-05,0.0807142857142857,0.0,0.03,0.0,0.0
,Jackfruit,Frutta,1.7,0.034,0.6,0.0171428571428571,23.3,0.0719230769230769,1.5,0.133333333333333,0.0,4.9375e-05,0.0,5.5e-06,0.024,0.01,0.00023,0.0214285714285714,2.9e-05,3.2e-05,0.448,0.0674285714285714,1.3e-05,0.0035,5e-06,0.0,0.014,0.133333333333333,0.0,0.0,0.00034,0.05,0.0,0.218666666666667,0.000329,0.0535714285714286,2.4e-05,0.19,0.0,0.0
,Durian,Frutta,1.5,0.006,5.3,0.0028571428571428,27.1,0.0530769230769231,3.8,0.08,0.0,5.625e-06,0.0,4.3e-06,0.006,0.006,0.00043,0.0085714285714285,3e-05,1.33333333333333e-05,0.436,0.0305714285714286,2.8e-05,0.0004,4.4e-05,0.00375,0.02,0.0666666666666667,0.0,0.0,0.0,0.015,0.0,0.0293333333333333,0.000316,0.0292857142857143,3.6e-05,0.015,0.0,0.0
,Rambutan,Frutta,0.7,0.008,0.2,0.0014285714285714,20.9,0.0584615384615385,0.9,0.103333333333333,0.0,6.25e-07,0.0,2.7e-06,0.022,0.009,0.00035,0.0128571428571429,7e-06,1.86666666666667e-05,0.042,0.0331428571428572,8e-06,0.001,0.0,0.00125,0.005,0.0533333333333333,0.0,0.0,0.0,0.01,0.0,0.06,2e-05,0.0207142857142857,8e-06,0.035,0.0,0.0
,Longan,Frutta,1.3,0.008,0.1,0.0014285714285714,15.1,0.0588461538461539,1.1,0.0633333333333333,0.0,0.0,0.0,0.0,0.001,0.011,0.00013,0.05,1e-05,2.13333333333333e-05,0.266,0.0562857142857143,5e-06,0.0004,0.0,0.0025,0.084,0.2,0.0,0.0,0.0,0.0,0.0,0.0,0.0001,0.0285714285714286,1.4e-05,0.015,0.0,0.0
,Kumquat,Frutta,1.9,0.018,0.9,0.0042857142857142,15.9,0.0365384615384615,6.5,0.05,6.6e-05,1.25e-06,0.000171,8.6e-06,0.062,0.006,0.00086,0.0178571428571429,2e-05,2.4e-05,0.186,0.0542857142857143,1.7e-05,0.0017,0.00029,0.02,0.044,0.0933333333333333,0.0,0.0,0.00015,0.0608333333333333,0.0,0.0346666666666667,3.6e-05,0.0178571428571429,1.7e-05,0.02,0.0,0.0
,Bergamotto,Frutta,1.0,0.022,0.2,0.0042857142857142,10.5,0.0407692307692308,2.0,0.0566666666666667,0.0,1.25e-06,0.0,1.11e-05,0.04,0.006,0.0002,0.02,1.2e-05,2.4e-05,0.17,0.0574285714285714,8e-06,0.0017,1e-05,0.02125,0.044,0.0666666666666667,0.0,0.0,0.0002,0.0641666666666667,0.0,0.0293333333333333,5.5e-05,0.0178571428571429,1.5e-05,0.025,0.0,0.0
,Cedro,Frutta,1.0,0.028,0.3,0.0057142857142857,9.0,0.0426923076923077,2.6,0.0666666666666667,0.0,2.5e-06,0.0,7.7e-06,0.026,0.013,0.0005,0.0278571428571429,1e-05,2.66666666666667e-05,0.14,0.074,8e-06,0.002,2e-06,0.12,0.048,0.133333333333333,0.0,0.0,0.00016,0.0741666666666667,0.0,0.044,7e-05,0.0385714285714286,1.2e-05,0.045,0.0,0.0
,Sambuco (bacche),Frutta,0.7,0.014,0.5,0.0042857142857142,18.4,0.0438461538461539,7.0,0.0466666666666667,0.00016,1.5e-05,0.0002,4.4e-06,0.038,0.006,0.0016,0.0121428571428571,5e-06,1.86666666666667e-05,0.28,0.0448571428571429,1.1e-05,0.001,3e-05,0.02125,0.036,0.133333333333333,0.0,0.0,0.0,0.0216666666666667,0.0,0.0853333333333333,0.00023,0.0207142857142857,6e-06,0.025,0.0,0.0
,Gelso,Frutta,1.4,0.022,0.4,0.0028571428571428,9.8,0.0615384615384615,1.7,0.07,0.0,1.125e-05,0.0,2.7e-06,0.039,0.013,0.00187,0.0257142857142857,1.8e-05,2.93333333333333e-05,0.194,0.0634285714285714,1.2e-05,0.0007,1e-06,0.00375,0.037,0.0933333333333333,0.0,0.0,0.00087,0.0058333333333333,7.8e-06,0.028,5e-05,0.035,6e-06,0.02,0.0,0.0
,Nespola,Frutta,0.4,0.02,0.2,0.0042857142857142,12.1,0.0469230769230769,1.7,0.0533333333333333,0.0,1.5e-05,0.0,2.8e-06,0.016,0.016,0.00028,0.0228571428571429,1.3e-05,2.4e-05,0.266,0.0494285714285714,5e-06,0.001,7.6e-05,0.08,0.001,0.133333333333333,0.0,0.0,0.00089,0.0058333333333333,0.0,0.0253333333333333,0.0001,0.0314285714285714,1.4e-05,0.04,0.0,0.0
,Melarosa (Pomelo),Frutta,0.8,0.012,0.04,0.0028571428571428,9.6,0.0292307692307692,1.0,0.0133333333333333,0.0,1.1875e-05,0.0,2.5e-06,0.004,0.007,0.00011,0.0171428571428571,6e-06,2.66666666666667e-05,0.216,0.032,8e-06,0.001,0.0,0.035,0.061,0.106666666666667,0.0,0.0,0.0,0.0041666666666666,0.0,0.0013333333333333,3.6e-05,0.0321428571428572,0.0,0.015,0.0,0.0
,Feijoa,Frutta,1.0,0.016,0.6,0.0028571428571428,13.0,0.0315384615384615,6.4,0.03,0.0,1.6875e-05,0.0,3.4e-06,0.017,0.009,0.00014,0.015,9e-06,3.2e-05,0.172,0.0762857142857143,4e-06,0.0018,6e-06,0.21125,0.033,0.493333333333333,0.0,0.0,0.0,0.0041666666666666,0.0,0.0333333333333333,6.7e-05,0.0514285714285714,2.3e-05,0.105,0.0,0.0
,Tamarindo,Frutta,2.8,0.01,0.6,0.0014285714285714,62.5,0.035,5.1,0.0266666666666667,0.0,8.125e-06,0.0,1.3e-06,0.074,0.006,0.0028,0.0121428571428571,9.2e-05,2.66666666666667e-05,0.628,0.0651428571428571,1e-05,0.0009,2e-06,0.00375,0.004,0.24,0.0,0.0,8e-05,0.0016666666666666,2.8e-06,0.0373333333333333,6.6e-05,0.0628571428571429,1.4e-05,0.095,0.0,0.0
,Platano (da cuocere),Frutta,1.3,0.012,0.4,0.0014285714285714,31.9,0.0280769230769231,2.3,0.0166666666666667,5e-05,6.25e-06,7e-05,1.5e-06,0.003,0.011,0.0006,0.02,3.7e-05,3.2e-05,0.499,0.0428571428571429,1.4e-05,0.0007,5.6e-05,0.00625,0.018,0.173333333333333,0.0,0.0,0.00014,0.0083333333333333,7e-07,0.0333333333333333,0.000299,0.0321428571428572,2.2e-05,0.02,0.0,0.0
,,,,,,,,,,,,,,,,,,,,,,,,,,,,,,,,,,,,,,,,
,--- CARNE ---,,,,,,,,,,,,,,,,,,,,,,,,,,,,,,,,,,,,,,,
,Manzo - Filetto,Carne,20.9,0.418,10.5,0.15,0.0,0.0,0.0,0.0,2.1e-05,1.3125e-05,0.00029,2.9e-05,0.012,0.012,0.0022,0.157142857142857,2.2e-05,5.86666666666667e-05,0.323,0.0922857142857143,0.004,0.4,0.0,0.0,0.0,0.0,3e-06,0.2,0.00027,0.0225,1.4e-06,0.0186666666666667,0.00055,0.392857142857143,6e-06,0.03,2e-06,0.8
,Manzo - Controfiletto,Carne,21.3,0.426,14.2,0.202857142857143,0.0,0.0,0.0,0.0,2.5e-05,1.5625e-05,0.00038,3.8e-05,0.011,0.011,0.002,0.142857142857143,2e-05,5.33333333333333e-05,0.31,0.0885714285714286,0.0042,0.42,0.0,0.0,0.0,0.0,2e-06,0.133333333333333,0.00021,0.0175,1.2e-06,0.016,0.00052,0.371428571428571,5e-06,0.025,2.4e-06,0.96
,Manzo - Costata,Carne,17.5,0.35,21.5,0.307142857142857,0.0,0.0,0.0,0.0,3e-05,1.875e-05,0.00055,5.5e-05,0.01,0.01,0.0018,0.128571428571429,1.8e-05,4.8e-05,0.278,0.0794285714285714,0.0038,0.38,0.0,0.0,0.0,0.0,2e-06,0.133333333333333,0.00018,0.015,1.1e-06,0.0146666666666667,0.00043,0.307142857142857,5e-06,0.025,2.2e-06,0.88
,Manzo - Macinato (magro),Carne,21.4,0.428,10.0,0.142857142857143,0.0,0.0,0.0,0.0,1.9e-05,1.1875e-05,0.00026,2.6e-05,0.012,0.012,0.0024,0.171428571428571,2e-05,5.33333333333333e-05,0.315,0.09,0.0047,0.47,0.0,0.0,0.0,0.0,2e-06,0.133333333333333,0.00025,0.0208333333333333,1.3e-06,0.0173333333333333,0.00038,0.271428571428571,6e-06,0.03,2.6e-06,1.04
,Manzo - Macinato (grasso),Carne,17.2,0.344,20.0,0.285714285714286,0.0,0.0,0.0,0.0,2.5e-05,1.5625e-05,0.00048,4.8e-05,0.018,0.018,0.0021,0.15,1.7e-05,4.53333333333333e-05,0.27,0.0771428571428572,0.0043,0.43,0.0,0.0,0.0,0.0,2e-06,0.133333333333333,0.0002,0.0166666666666667,1.5e-06,0.02,0.00033,0.235714285714286,6e-06,0.03,2.1e-06,0.84
,Manzo - Fesa,Carne,22.0,0.44,5.0,0.0714285714285714,0.0,0.0,0.0,0.0,1.2e-05,7.5e-06,0.00015,1.5e-05,0.006,0.006,0.002,0.142857142857143,2.4e-05,6.4e-05,0.355,0.101428571428571,0.0038,0.38,0.0,0.0,0.0,0.0,2e-06,0.133333333333333,0.0003,0.025,1.2e-06,0.016,0.0006,0.428571428571429,5e-06,0.025,2e-06,0.8
,Manzo - Girello,Carne,22.5,0.45,3.5,0.05,0.0,0.0,0.0,0.0,1e-05,6.25e-06,0.00012,1.2e-05,0.005,0.005,0.0021,0.15,2.5e-05,6.66666666666667e-05,0.365,0.104285714285714,0.0036,0.36,0.0,0.0,0.0,0.0,2e-06,0.133333333333333,0.00032,0.0266666666666667,1e-06,0.0133333333333333,0.00062,0.442857142857143,5e-06,0.025,2.1e-06,0.84
,Manzo - Brasato,Carne,26.5,0.53,8.2,0.117142857142857,0.0,0.0,0.0,0.0,2e-05,1.25e-05,0.00025,2.5e-05,0.011,0.011,0.0028,0.2,2.2e-05,5.86666666666667e-05,0.29,0.0828571428571429,0.0052,0.52,0.0,0.0,0.0,0.0,2e-06,0.133333333333333,0.00015,0.0125,1.4e-06,0.0186666666666667,0.00029,0.207142857142857,8e-06,0.04,2.8e-06,1.12
,Manzo - Lingua,Carne,16.0,0.32,16.0,0.228571428571429,3.0,0.0115384615384615,0.0,0.0,2.5e-05,1.5625e-05,0.00035,3.5e-05,0.007,0.007,0.0029,0.207142857142857,1.5e-05,4e-05,0.28,0.08,0.0029,0.29,0.0,0.0,0.003,0.04,2e-06,0.133333333333333,0.00032,0.0266666666666667,4e-07,0.0053333333333333,0.00014,0.1,4e-06,0.02,3.6e-06,1.44
,Manzo - Fegato,Carne,20.4,0.408,3.6,0.0514285714285714,3.9,0.015,0.0,0.0,2e-05,1.25e-05,0.0003,3e-05,0.005,0.005,0.0049,0.35,1.8e-05,4.8e-05,0.313,0.0894285714285714,0.004,0.4,0.009442,11.8025,0.001,0.0133333333333333,1.2e-06,0.08,0.00038,0.0316666666666667,3.1e-06,0.0413333333333333,0.001083,0.773571428571429,0.00029,1.45,5.98e-05,23.92
,Manzo - Cuore,Carne,17.7,0.354,4.0,0.0571428571428571,0.1,0.0003846153846153,0.0,0.0,3e-05,1.875e-05,0.0002,2e-05,0.007,0.007,0.0047,0.335714285714286,2.1e-05,5.6e-05,0.287,0.082,0.0017,0.17,0.0,0.0,0.002,0.0266666666666667,0.0,0.0,0.00022,0.0183333333333333,0.0,0.0,0.000286,0.204285714285714,3e-06,0.015,8.4e-06,3.36
,Vitello - Scaloppina,Carne,21.0,0.42,3.0,0.0428571428571429,0.0,0.0,0.0,0.0,8e-06,5e-06,0.0001,1e-05,0.01,0.01,0.0009,0.0642857142857143,2.4e-05,6.4e-05,0.325,0.0928571428571429,0.0028,0.28,0.0,0.0,0.0,0.0,3e-06,0.2,0.00028,0.0233333333333333,0.0,0.0,0.00043,0.307142857142857,1.2e-05,0.06,1.4e-06,0.56
,Vitello - Costoletta,Carne,19.4,0.388,8.5,0.121428571428571,0.0,0.0,0.0,0.0,1.5e-05,9.375e-06,0.0002,2e-05,0.012,0.012,0.00085,0.0607142857142857,2.2e-05,5.86666666666667e-05,0.31,0.0885714285714286,0.0026,0.26,0.0,0.0,0.0,0.0,3e-06,0.2,0.00025,0.0208333333333333,0.0,0.0,0.00038,0.271428571428571,1.1e-05,0.055,1.2e-06,0.48
,Vitello - Fegato,Carne,19.2,0.384,4.8,0.0685714285714286,3.1,0.0119230769230769,0.0,0.0,1.8e-05,1.125e-05,0.00025,2.5e-05,0.007,0.007,0.006,0.428571428571429,1.9e-05,5.06666666666667e-05,0.3,0.0857142857142857,0.0059,0.59,0.0219,27.375,0.001,0.0133333333333333,1e-06,0.0666666666666667,0.0005,0.0416666666666667,2e-06,0.0266666666666667,0.0008,0.571428571428572,0.00033,1.65,8.4e-05,33.6
,Vitello - Ossobuco,Carne,19.0,0.38,5.5,0.0785714285714286,0.0,0.0,0.0,0.0,1.2e-05,7.5e-06,0.00015,1.5e-05,0.02,0.02,0.001,0.0714285714285714,2e-05,5.33333333333333e-05,0.29,0.0828571428571429,0.0035,0.35,0.0,0.0,0.0,0.0,2e-06,0.133333333333333,0.0002,0.0166666666666667,0.0,0.0,0.00035,0.25,8e-06,0.04,1.1e-06,0.44
,Maiale - Lonza,Carne,21.1,0.422,6.5,0.0928571428571429,0.0,0.0,0.0,0.0,1e-05,6.25e-06,0.00055,5.5e-05,0.006,0.006,0.0008,0.0571428571428571,2.6e-05,6.93333333333333e-05,0.423,0.120857142857143,0.0019,0.19,2e-06,0.0025,0.0,0.0,5e-07,0.0333333333333333,0.0002,0.0166666666666667,0.0,0.0,0.00054,0.385714285714286,5e-06,0.025,5e-07,0.2
,Maiale - Filetto,Carne,22.2,0.444,3.5,0.05,0.0,0.0,0.0,0.0,7e-06,4.375e-06,0.00032,3.2e-05,0.005,0.005,0.001,0.0714285714285714,2.8e-05,7.46666666666667e-05,0.46,0.131428571428571,0.002,0.2,0.0,0.0,0.001,0.0133333333333333,6e-07,0.04,0.00024,0.02,0.0,0.0,0.00075,0.535714285714286,5e-06,0.025,6e-07,0.24
,Maiale - Costine,Carne,15.5,0.31,23.0,0.328571428571429,0.0,0.0,0.0,0.0,2.5e-05,1.5625e-05,0.0018,0.00018,0.02,0.02,0.0009,0.0642857142857143,1.7e-05,4.53333333333333e-05,0.26,0.0742857142857143,0.0028,0.28,2e-06,0.0025,0.0,0.0,4e-07,0.0266666666666667,0.00015,0.0125,0.0,0.0,0.00032,0.228571428571429,4e-06,0.02,5e-07,0.2
,Maiale - Braciola,Carne,20.7,0.414,8.0,0.114285714285714,0.0,0.0,0.0,0.0,1.2e-05,7.5e-06,0.0007,7e-05,0.008,0.008,0.00085,0.0607142857142857,2.4e-05,6.4e-05,0.38,0.108571428571429,0.0021,0.21,2e-06,0.0025,0.0,0.0,5e-07,0.0333333333333333,0.00018,0.015,0.0,0.0,0.00048,0.342857142857143,5e-06,0.025,5e-07,0.2
,Maiale - Spalla,Carne,17.0,0.34,15.0,0.214285714285714,0.0,0.0,0.0,0.0,1.8e-05,1.125e-05,0.0012,0.00012,0.01,0.01,0.00095,0.0678571428571429,2e-05,5.33333333333333e-05,0.32,0.0914285714285714,0.0032,0.32,2e-06,0.0025,0.0,0.0,4e-07,0.0266666666666667,0.00014,0.0116666666666667,0.0,0.0,0.00038,0.271428571428571,4e-06,0.02,6e-07,0.24
,Maiale - Guanciale,Carne,8.0,0.16,55.0,0.785714285714286,0.0,0.0,0.0,0.0,5e-05,3.125e-05,0.0055,0.00055,0.005,0.005,0.0005,0.0357142857142857,8e-06,2.13333333333333e-05,0.15,0.0428571428571429,0.0013,0.13,0.0,0.0,0.0,0.0,0.0,0.0,0.0001,0.0083333333333333,0.0,0.0,0.00015,0.107142857142857,2e-06,0.01,3e-07,0.12
,Maiale - Pancetta,Carne,9.0,0.18,45.0,0.642857142857143,0.0,0.0,0.0,0.0,4.5e-05,2.8125e-05,0.0045,0.00045,0.007,0.007,0.0007,0.05,1e-05,2.66666666666667e-05,0.18,0.0514285714285714,0.0015,0.15,0.0,0.0,0.0,0.0,0.0,0.0,0.00012,0.01,0.0,0.0,0.0002,0.142857142857143,2e-06,0.01,4e-07,0.16
,Maiale - Lardo,Carne,2.9,0.058,92.0,1.31428571428571,0.0,0.0,0.0,0.0,0.0001,6.25e-05,0.0092,0.00092,0.002,0.002,0.0003,0.0214285714285714,2e-06,5.33333333333333e-06,0.065,0.0185714285714286,0.0004,0.04,0.0,0.0,0.0,0.0,0.0,0.0,6e-05,0.005,0.0,0.0,2e-05,0.0142857142857143,1e-06,0.005,1e-07,0.04
,Maiale - Fegato,Carne,21.4,0.428,3.7,0.0528571428571429,2.5,0.0096153846153846,0.0,0.0,1.5e-05,9.375e-06,0.00035,3.5e-05,0.009,0.009,0.018,1.28571428571429,1.8e-05,4.8e-05,0.273,0.078,0.0059,0.59,0.0065,8.125,0.023,0.306666666666667,1e-06,0.0666666666666667,0.00035,0.0291666666666667,1e-06,0.0133333333333333,0.00068,0.485714285714286,0.000212,1.06,2.6e-05,10.4
,Pollo - Petto,Carne,23.1,0.462,1.2,0.0171428571428571,0.0,0.0,0.0,0.0,8e-06,5e-06,0.00012,1.2e-05,0.005,0.005,0.0004,0.0285714285714286,2.8e-05,7.46666666666667e-05,0.37,0.105714285714286,0.0007,0.07,6e-06,0.0075,0.0,0.0,2e-07,0.0133333333333333,0.00021,0.0175,0.0,0.0,0.00085,0.607142857142857,4e-06,0.02,3e-07,0.12
,Pollo - Coscia,Carne,18.2,0.364,10.9,0.155714285714286,0.0,0.0,0.0,0.0,3e-05,1.875e-05,0.0018,0.00018,0.011,0.011,0.0009,0.0642857142857143,2.2e-05,5.86666666666667e-05,0.245,0.07,0.0018,0.18,4.8e-05,0.06,0.0,0.0,2e-07,0.0133333333333333,0.00018,0.015,2.5e-06,0.0333333333333333,0.00031,0.221428571428571,8e-06,0.04,4e-07,0.16
,Pollo - Ala,Carne,18.3,0.366,15.1,0.215714285714286,0.0,0.0,0.0,0.0,4e-05,2.5e-05,0.0025,0.00025,0.013,0.013,0.001,0.0714285714285714,2e-05,5.33333333333333e-05,0.21,0.06,0.0017,0.17,4e-05,0.05,0.0,0.0,2e-07,0.0133333333333333,0.0002,0.0166666666666667,0.0,0.0,0.00035,0.25,5e-06,0.025,3e-07,0.12
,Pollo - Fegato,Carne,16.9,0.338,4.8,0.0685714285714286,0.7,0.0026923076923076,0.0,0.0,1.5e-05,9.375e-06,0.00075,7.5e-05,0.008,0.008,0.009,0.642857142857143,1.9e-05,5.06666666666667e-05,0.23,0.0657142857142857,0.0027,0.27,0.003296,4.12,0.018,0.24,2e-07,0.0133333333333333,0.00025,0.0208333333333333,0.0,0.0,0.00085,0.607142857142857,0.000588,2.94,1.66e-05,6.64
,Pollo - Cuore,Carne,15.6,0.312,9.3,0.132857142857143,0.1,0.0003846153846153,0.0,0.0,2e-05,1.25e-05,0.0012,0.00012,0.012,0.012,0.0058,0.414285714285714,1.5e-05,4e-05,0.176,0.0502857142857143,0.0041,0.41,9e-06,0.01125,0.003,0.04,0.0,0.0,0.00015,0.0125,0.0,0.0,0.00027,0.192857142857143,7.1e-05,0.355,7.6e-06,3.04
,Tacchino - Petto,Carne,24.6,0.492,1.0,0.0142857142857143,0.0,0.0,0.0,0.0,6e-06,3.75e-06,0.0001,1e-05,0.004,0.004,0.0004,0.0285714285714286,3e-05,8e-05,0.38,0.108571428571429,0.0012,0.12,5e-06,0.00625,0.0,0.0,2e-07,0.0133333333333333,7e-05,0.0058333333333333,0.0,0.0,0.0008,0.571428571428572,6e-06,0.03,4e-07,0.16
,Tacchino - Coscia,Carne,20.1,0.402,8.0,0.114285714285714,0.0,0.0,0.0,0.0,2.5e-05,1.5625e-05,0.0016,0.00016,0.02,0.02,0.0015,0.107142857142857,2.4e-05,6.4e-05,0.28,0.08,0.0032,0.32,1.2e-05,0.015,0.0,0.0,3e-07,0.02,0.00012,0.01,2e-06,0.0266666666666667,0.00042,0.3,8e-06,0.04,6e-07,0.24
,Tacchino - Macinato,Carne,21.0,0.42,10.0,0.142857142857143,0.0,0.0,0.0,0.0,3e-05,1.875e-05,0.0019,0.00019,0.018,0.018,0.0014,0.1,2.2e-05,5.86666666666667e-05,0.265,0.0757142857142857,0.0029,0.29,1e-05,0.0125,0.0,0.0,3e-07,0.02,0.00015,0.0125,0.0,0.0,0.0005,0.357142857142857,7e-06,0.035,5e-07,0.2
,Tacchino - Fegato,Carne,18.3,0.366,4.4,0.0628571428571429,2.3,0.0088461538461538,0.0,0.0,1.2e-05,7.5e-06,0.0006,6e-05,0.008,0.008,0.0075,0.535714285714286,1.9e-05,5.06666666666667e-05,0.25,0.0714285714285714,0.0023,0.23,0.008058,10.0725,0.003,0.04,2e-07,0.0133333333333333,0.00038,0.0316666666666667,0.0,0.0,0.0007,0.5,0.000677,3.385,3.84e-05,15.36
,Anatra - Petto,Carne,19.0,0.38,6.0,0.0857142857142857,0.0,0.0,0.0,0.0,2e-05,1.25e-05,0.0009,9e-05,0.01,0.01,0.0025,0.178571428571429,1.9e-05,5.06666666666667e-05,0.285,0.0814285714285714,0.0018,0.18,2.5e-05,0.03125,0.003,0.04,3e-07,0.02,0.0005,0.0416666666666667,2.5e-06,0.0333333333333333,0.00045,0.321428571428571,6e-06,0.03,3e-07,0.12
,Anatra - Coscia,Carne,17.0,0.34,14.0,0.2,0.0,0.0,0.0,0.0,3.5e-05,2.1875e-05,0.0021,0.00021,0.012,0.012,0.0028,0.2,1.7e-05,4.53333333333333e-05,0.25,0.0714285714285714,0.002,0.2,3.5e-05,0.04375,0.003,0.04,3e-07,0.02,0.00055,0.0458333333333333,3e-06,0.04,0.00035,0.25,8e-06,0.04,3e-07,0.12
,Anatra - Fegato (foie gras),Carne,11.4,0.228,43.8,0.625714285714286,4.7,0.0180769230769231,0.0,0.0,5e-05,3.125e-05,0.0032,0.00032,0.042,0.042,0.023,1.64285714285714,1.3e-05,3.46666666666667e-05,0.138,0.0394285714285714,0.0009,0.09,0.001001,1.25125,0.002,0.0266666666666667,2.8e-06,0.186666666666667,0.002,0.166666666666667,0.0,0.0,0.00052,0.371428571428571,0.000566,2.83,5.4e-05,21.6
,Oca - Petto,Carne,22.8,0.456,7.1,0.101428571428571,0.0,0.0,0.0,0.0,2.2e-05,1.375e-05,0.001,0.0001,0.013,0.013,0.0026,0.185714285714286,2.3e-05,6.13333333333333e-05,0.33,0.0942857142857143,0.002,0.2,1.5e-05,0.01875,0.004,0.0533333333333333,3e-07,0.02,0.0007,0.0583333333333333,0.0,0.0,0.0006,0.428571428571429,1e-05,0.05,4e-07,0.16
,Oca - Coscia,Carne,18.5,0.37,18.0,0.257142857142857,0.0,0.0,0.0,0.0,4e-05,2.5e-05,0.0025,0.00025,0.014,0.014,0.003,0.214285714285714,2e-05,5.33333333333333e-05,0.28,0.08,0.0022,0.22,2.5e-05,0.03125,0.004,0.0533333333333333,3e-07,0.02,0.0008,0.0666666666666667,3e-06,0.04,0.0004,0.285714285714286,1.2e-05,0.06,4e-07,0.16
,Agnello - Cosciotto,Carne,18.0,0.36,14.0,0.2,0.0,0.0,0.0,0.0,8e-05,5e-05,0.00065,6.5e-05,0.017,0.017,0.0017,0.121428571428571,2.2e-05,5.86666666666667e-05,0.31,0.0885714285714286,0.0036,0.36,0.0,0.0,0.0,0.0,3e-06,0.2,0.0001,0.0083333333333333,4e-06,0.0533333333333333,0.00013,0.0928571428571429,2e-05,0.1,2.6e-06,1.04
,Agnello - Costolette,Carne,16.5,0.33,21.0,0.3,0.0,0.0,0.0,0.0,0.00012,7.5e-05,0.001,0.0001,0.02,0.02,0.0016,0.114285714285714,1.9e-05,5.06666666666667e-05,0.275,0.0785714285714286,0.0033,0.33,0.0,0.0,0.0,0.0,3e-06,0.2,0.00012,0.01,4.5e-06,0.06,0.00011,0.0785714285714286,1.8e-05,0.09,2.4e-06,0.96
,Agnello - Spalla,Carne,17.1,0.342,17.5,0.25,0.0,0.0,0.0,0.0,0.0001,6.25e-05,0.0008,8e-05,0.018,0.018,0.0018,0.128571428571429,2e-05,5.33333333333333e-05,0.29,0.0828571428571429,0.004,0.4,0.0,0.0,0.0,0.0,3e-06,0.2,0.00011,0.0091666666666666,4.2e-06,0.056,0.00012,0.0857142857142857,1.9e-05,0.095,2.5e-06,1.0
,Agnello - Fegato,Carne,20.4,0.408,5.7,0.0814285714285714,1.8,0.0069230769230769,0.0,0.0,3e-05,1.875e-05,0.00035,3.5e-05,0.007,0.007,0.0078,0.557142857142857,1.9e-05,5.06666666666667e-05,0.28,0.08,0.005,0.5,0.007391,9.23875,0.004,0.0533333333333333,1e-06,0.0666666666666667,0.0004,0.0333333333333333,0.0,0.0,0.00045,0.321428571428571,0.0004,2.0,9e-05,36.0
,Capretto - Cosciotto,Carne,20.6,0.412,3.0,0.0428571428571429,0.0,0.0,0.0,0.0,2.5e-05,1.5625e-05,0.0002,2e-05,0.013,0.013,0.0025,0.178571428571429,2.3e-05,6.13333333333333e-05,0.385,0.11,0.004,0.4,0.0,0.0,0.0,0.0,2e-06,0.133333333333333,0.00015,0.0125,0.0,0.0,0.0004,0.285714285714286,6e-06,0.03,1.1e-06,0.44
,Capretto - Costolette,Carne,19.5,0.39,5.5,0.0785714285714286,0.0,0.0,0.0,0.0,3.5e-05,2.1875e-05,0.0003,3e-05,0.015,0.015,0.0023,0.164285714285714,2.1e-05,5.6e-05,0.36,0.102857142857143,0.0038,0.38,0.0,0.0,0.0,0.0,2e-06,0.133333333333333,0.00018,0.015,0.0,0.0,0.00035,0.25,7e-06,0.035,1e-06,0.4
,Coniglio - Coscia,Carne,21.0,0.42,8.0,0.114285714285714,0.0,0.0,0.0,0.0,2e-05,1.25e-05,0.0005,5e-05,0.013,0.013,0.0018,0.128571428571429,3e-05,8e-05,0.34,0.0971428571428572,0.0018,0.18,0.0,0.0,0.0,0.0,0.0,0.0,0.0004,0.0333333333333333,0.0,0.0,0.00048,0.342857142857143,9e-06,0.045,7.1e-06,2.84
,Coniglio - Lombata,Carne,22.0,0.44,5.0,0.0714285714285714,0.0,0.0,0.0,0.0,1.5e-05,9.375e-06,0.00035,3.5e-05,0.01,0.01,0.002,0.142857142857143,3.2e-05,8.53333333333333e-05,0.37,0.105714285714286,0.0016,0.16,0.0,0.0,0.0,0.0,0.0,0.0,0.00045,0.0375,0.0,0.0,0.00052,0.371428571428571,8e-06,0.04,7.3e-06,2.92
,Coniglio - Fegato,Carne,19.0,0.38,5.0,0.0714285714285714,3.0,0.0115384615384615,0.0,0.0,1e-05,6.25e-06,0.0004,4e-05,0.008,0.008,0.011,0.785714285714286,2.5e-05,6.66666666666667e-05,0.29,0.0828571428571429,0.0035,0.35,0.012,15.0,0.006,0.08,5e-07,0.0333333333333333,0.0004,0.0333333333333333,0.0,0.0,0.0006,0.428571428571429,0.00035,1.75,7.2e-05,28.8
,Cavallo - Filetto,Carne,21.4,0.428,2.6,0.0371428571428571,0.0,0.0,0.0,0.0,1e-05,6.25e-06,0.00015,1.5e-05,0.007,0.007,0.0039,0.278571428571429,2.4e-05,6.4e-05,0.33,0.0942857142857143,0.003,0.3,0.0,0.0,0.002,0.0266666666666667,0.0,0.0,0.0004,0.0333333333333333,0.0,0.0,0.0004,0.285714285714286,5e-06,0.025,3e-06,1.2
,Cavallo - Bistecca,Carne,20.0,0.4,4.5,0.0642857142857143,0.0,0.0,0.0,0.0,1.5e-05,9.375e-06,0.00022,2.2e-05,0.008,0.008,0.0037,0.264285714285714,2.2e-05,5.86666666666667e-05,0.315,0.09,0.0028,0.28,0.0,0.0,0.002,0.0266666666666667,0.0,0.0,0.00035,0.0291666666666667,0.0,0.0,0.00038,0.271428571428571,5e-06,0.025,2.8e-06,1.12
,Cavallo - Bresaola,Carne,32.0,0.64,2.5,0.0357142857142857,0.0,0.0,0.0,0.0,8e-06,5e-06,0.0001,1e-05,0.012,0.012,0.0029,0.207142857142857,2.5e-05,6.66666666666667e-05,0.45,0.128571428571429,0.0045,0.45,0.0,0.0,0.0,0.0,0.0,0.0,0.0006,0.05,0.0,0.0,0.00035,0.25,6e-06,0.03,2.5e-06,1.0
,Cervo - Filetto,Carne,22.5,0.45,2.4,0.0342857142857143,0.0,0.0,0.0,0.0,2e-05,1.25e-05,0.00018,1.8e-05,0.006,0.006,0.0034,0.242857142857143,2.4e-05,6.4e-05,0.33,0.0942857142857143,0.0023,0.23,0.0,0.0,0.0,0.0,0.0,0.0,0.00025,0.0208333333333333,0.0,0.0,0.00045,0.321428571428571,4e-06,0.02,2e-06,0.8
,Cervo - Cosciotto,Carne,21.0,0.42,3.5,0.05,0.0,0.0,0.0,0.0,2.5e-05,1.5625e-05,0.00022,2.2e-05,0.007,0.007,0.0032,0.228571428571429,2.3e-05,6.13333333333333e-05,0.318,0.0908571428571429,0.0025,0.25,0.0,0.0,0.0,0.0,0.0,0.0,0.00028,0.0233333333333333,0.0,0.0,0.00042,0.3,5e-06,0.025,2.2e-06,0.88
,Cinghiale - Coscia,Carne,21.5,0.43,3.3,0.0471428571428571,0.0,0.0,0.0,0.0,3e-05,1.875e-05,0.00025,2.5e-05,0.012,0.012,0.0028,0.2,2.6e-05,6.93333333333333e-05,0.35,0.1,0.0032,0.32,0.0,0.0,0.0,0.0,0.0,0.0,0.0003,0.025,0.0,0.0,0.00038,0.271428571428571,5e-06,0.025,1.8e-06,0.72
,Cinghiale - Spalla,Carne,19.8,0.396,5.5,0.0785714285714286,0.0,0.0,0.0,0.0,4e-05,2.5e-05,0.00035,3.5e-05,0.014,0.014,0.0026,0.185714285714286,2.4e-05,6.4e-05,0.32,0.0914285714285714,0.0035,0.35,0.0,0.0,0.0,0.0,0.0,0.0,0.00028,0.0233333333333333,0.0,0.0,0.00035,0.25,6e-06,0.03,1.6e-06,0.64
,Bufalo - Bistecca,Carne,20.4,0.408,1.8,0.0257142857142857,0.0,0.0,0.0,0.0,1e-05,6.25e-06,0.0001,1e-05,0.008,0.008,0.0025,0.178571428571429,2.4e-05,6.4e-05,0.35,0.1,0.0035,0.35,0.0,0.0,0.0,0.0,2e-06,0.133333333333333,0.0002,0.0166666666666667,0.0,0.0,0.00045,0.321428571428571,7e-06,0.035,2.2e-06,0.88
,Struzzo - Filetto,Carne,21.8,0.436,2.0,0.0285714285714286,0.0,0.0,0.0,0.0,1.5e-05,9.375e-06,0.00018,1.8e-05,0.008,0.008,0.0031,0.221428571428571,2.2e-05,5.86666666666667e-05,0.315,0.09,0.0032,0.32,0.0,0.0,0.0,0.0,0.0,0.0,0.00015,0.0125,0.0,0.0,0.00058,0.414285714285714,6e-06,0.03,5.2e-06,2.08
,Quaglia - Intera,Carne,21.8,0.436,12.1,0.172857142857143,0.0,0.0,0.0,0.0,3e-05,1.875e-05,0.0018,0.00018,0.013,0.013,0.004,0.285714285714286,2.3e-05,6.13333333333333e-05,0.237,0.0677142857142857,0.0027,0.27,7e-05,0.0875,0.006,0.08,3e-07,0.02,0.0008,0.0666666666666667,2e-06,0.0266666666666667,0.00053,0.378571428571429,8e-06,0.04,4e-07,0.16
,Fagiano - Petto,Carne,23.6,0.472,3.6,0.0514285714285714,0.0,0.0,0.0,0.0,2e-05,1.25e-05,0.0008,8e-05,0.012,0.012,0.0012,0.0857142857142857,2.5e-05,6.66666666666667e-05,0.262,0.0748571428571429,0.001,0.1,5e-05,0.0625,0.005,0.0666666666666667,3e-07,0.02,0.0005,0.0416666666666667,0.0,0.0,0.00065,0.464285714285714,6e-06,0.03,5e-07,0.2
,Piccione - Petto,Carne,18.5,0.37,7.5,0.107142857142857,0.0,0.0,0.0,0.0,2.5e-05,1.5625e-05,0.0012,0.00012,0.015,0.015,0.0042,0.3,2.8e-05,7.46666666666667e-05,0.199,0.0568571428571429,0.0025,0.25,1e-05,0.0125,0.005,0.0666666666666667,3e-07,0.02,0.0007,0.0583333333333333,3e-06,0.04,0.0005,0.357142857142857,6e-06,0.03,3e-07,0.12
,Manzo - Bresaola,Carne,33.1,0.662,2.6,0.0371428571428571,0.0,0.0,0.0,0.0,1e-05,6.25e-06,0.00012,1.2e-05,0.014,0.014,0.0025,0.178571428571429,2.6e-05,6.93333333333333e-05,0.505,0.144285714285714,0.0052,0.52,0.0,0.0,0.0,0.0,0.0,0.0,0.0007,0.0583333333333333,0.0,0.0,0.0003,0.214285714285714,1e-05,0.05,2e-06,0.8
,Maiale - Prosciutto crudo,Carne,26.0,0.52,12.5,0.178571428571429,0.5,0.0019230769230769,0.0,0.0,2e-05,1.25e-05,0.0011,0.00011,0.012,0.012,0.0015,0.107142857142857,2.5e-05,6.66666666666667e-05,0.35,0.1,0.0024,0.24,2e-06,0.0025,0.0,0.0,4e-07,0.0266666666666667,0.0003,0.025,0.0,0.0,0.0006,0.428571428571429,3e-06,0.015,8e-07,0.32
,Maiale - Prosciutto cotto,Carne,21.8,0.436,7.6,0.108571428571429,0.8,0.003076923076923,0.0,0.0,1.5e-05,9.375e-06,0.0007,7e-05,0.007,0.007,0.0008,0.0571428571428571,1.8e-05,4.8e-05,0.287,0.082,0.0019,0.19,0.0,0.0,0.0,0.0,3e-07,0.02,0.00025,0.0208333333333333,0.0,0.0,0.00045,0.321428571428571,3e-06,0.015,6e-07,0.24
,Maiale - Speck,Carne,28.3,0.566,14.6,0.208571428571429,0.5,0.0019230769230769,0.0,0.0,2.5e-05,1.5625e-05,0.0013,0.00013,0.01,0.01,0.0014,0.1,2.2e-05,5.86666666666667e-05,0.38,0.108571428571429,0.0028,0.28,0.0,0.0,0.0,0.0,4e-07,0.0266666666666667,0.00028,0.0233333333333333,0.0,0.0,0.0005,0.357142857142857,3e-06,0.015,7e-07,0.28
,Maiale - Salame,Carne,21.7,0.434,37.0,0.528571428571429,1.2,0.0046153846153846,0.0,0.0,6e-05,3.75e-05,0.0035,0.00035,0.01,0.01,0.0014,0.1,1.8e-05,4.8e-05,0.378,0.108,0.0028,0.28,0.0,0.0,0.0,0.0,0.0,0.0,0.0002,0.0166666666666667,0.0,0.0,0.0004,0.285714285714286,2e-06,0.01,1.2e-06,0.48
,Maiale - Mortadella,Carne,14.2,0.284,28.1,0.401428571428571,2.4,0.0092307692307692,0.0,0.0,5e-05,3.125e-05,0.0028,0.00028,0.008,0.008,0.0014,0.1,1.3e-05,3.46666666666667e-05,0.23,0.0657142857142857,0.002,0.2,0.0,0.0,0.0,0.0,0.0,0.0,0.00015,0.0125,0.0,0.0,0.00018,0.128571428571429,2e-06,0.01,1e-06,0.4
,Maiale - Coppa,Carne,19.0,0.38,31.0,0.442857142857143,0.5,0.0019230769230769,0.0,0.0,4.5e-05,2.8125e-05,0.0029,0.00029,0.008,0.008,0.0012,0.0857142857142857,1.5e-05,4e-05,0.31,0.0885714285714286,0.0022,0.22,0.0,0.0,0.0,0.0,0.0,0.0,0.00018,0.015,0.0,0.0,0.00035,0.25,2e-06,0.01,8e-07,0.32
,Maiale - Salsiccia fresca,Carne,16.0,0.32,28.0,0.4,0.5,0.0019230769230769,0.0,0.0,4e-05,2.5e-05,0.0026,0.00026,0.014,0.014,0.0012,0.0857142857142857,1.5e-05,4e-05,0.28,0.08,0.0025,0.25,0.0,0.0,0.001,0.0133333333333333,0.0,0.0,0.00012,0.01,0.0,0.0,0.00025,0.178571428571429,3e-06,0.015,1e-06,0.4
,Maiale - Cotechino,Carne,15.8,0.316,33.0,0.471428571428571,0.8,0.003076923076923,0.0,0.0,5e-05,3.125e-05,0.0031,0.00031,0.012,0.012,0.0011,0.0785714285714286,1.2e-05,3.2e-05,0.22,0.0628571428571429,0.002,0.2,0.0,0.0,0.0,0.0,0.0,0.0,0.0001,0.0083333333333333,0.0,0.0,0.0002,0.142857142857143,2e-06,0.01,8e-07,0.32
,Maiale - Wurstel,Carne,11.5,0.23,26.0,0.371428571428571,2.5,0.0096153846153846,0.0,0.0,3.5e-05,2.1875e-05,0.0024,0.00024,0.008,0.008,0.001,0.0714285714285714,1.1e-05,2.93333333333333e-05,0.195,0.0557142857142857,0.0018,0.18,0.0,0.0,0.0,0.0,0.0,0.0,0.00012,0.01,0.0,0.0,0.00015,0.107142857142857,2e-06,0.01,7e-07,0.28
,Tacchino - Fesa affettato,Carne,24.0,0.48,1.5,0.0214285714285714,0.5,0.0019230769230769,0.0,0.0,8e-06,5e-06,0.00012,1.2e-05,0.005,0.005,0.0005,0.0357142857142857,2.8e-05,7.46666666666667e-05,0.35,0.1,0.0015,0.15,5e-06,0.00625,0.0,0.0,2e-07,0.0133333333333333,0.0001,0.0083333333333333,0.0,0.0,0.0007,0.5,5e-06,0.025,4e-07,0.16
,Pollo - Petto affettato,Carne,22.5,0.45,2.0,0.0285714285714286,0.8,0.003076923076923,0.0,0.0,1e-05,6.25e-06,0.00015,1.5e-05,0.006,0.006,0.00045,0.0321428571428571,2.6e-05,6.93333333333333e-05,0.35,0.1,0.00085,0.085,6e-06,0.0075,0.0,0.0,2e-07,0.0133333333333333,0.00018,0.015,0.0,0.0,0.00078,0.557142857142857,4e-06,0.02,3e-07,0.12
